{
	"Calibration": {
		"BinningShift": [
			0,
			0
		],
		"Camera": [
			[
				946.215196084583681,
				0,
				0
			],
			[
				0,
				947.10239000303693,
				0
			],
			[
				363.911024330992461,
				233.084909819190443,
				1
			]
		],
		"Distortion": {
			"K1": -0.0900059279388429057,
			"K2": 0.174115344390281618,
			"K3": -0.122137256644224743,
			"Rx": 0,
			"Ry": 0,
			"T1": -0.00140735327824507419,
			"T2": -0.000791035998838789719
		}
	},
	"EepromId": 0,
	"FirmwareVersion": "2.7.10538",
	"Images": {
		"Raw": 13265465327.332489,
		"Rectified": 13265465327.332489,
		"WithOverlay": null
	},
	"Link": {
		"Rotation": {
			"Angle": 3.13149559709953973,
			"Axis": [
				-0.00120315597285571918,
				-0.00947593746061352847,
				-0.9999543784718119
			]
		},
		"Target": "217226",
		"Translation": [
			53.0789097215397661,
			-46.7407118828066572,
			8.48489012644310314
		]
	},
	"ModelName": "GV-504xCP-C",
	"Parameters": {
		"Capture": {
			"AutoExposure": true,
			"AutoGain": true,
			"Binning": 2,
			"Exposure": 1.66571621621621624,
			"Gain": 1,
			"HardwareGamma": false,
			"ImageBuffer": {
				"Count": 1,
				"OverflowPolicy": "DiscardOld",
				"Size": 128
			},
			"Mirror": {
				"Horizontal": false,
				"Vertical": false
			},
			"TargetBrightness": 80,
			"TriggerDelay": 0,
			"TriggerMode": "Software"
		},
		"IO": {
			"Input": true,
			"Output": {
				"Mode": "Low"
			}
		},
		"Overlay": {
			"Text": {
				"Angle": 0,
				"Color": [
					255,
					0,
					0
				],
				"Mirror": {
					"Horizontal": false,
					"Vertical": false
				}
			}
		},
		"TransportLayer": {
			"BandwidthLimit": 1000
		}
	},
	"Pose": {
		"Rotation": {
			"Angle": 3.13149559709953973,
			"Axis": [
				-0.00120315597285571918,
				-0.00947593746061352847,
				-0.9999543784718119
			]
		},
		"Translation": [
			53.0789097215397661,
			-46.7407118828066572,
			8.48489012644310314
		]
	},
	"Sensor": {
		"GlobalShutter": true,
		"PixelSize": 3.45000000000000018,
		"Port": {
			"Bandwidth": 1000,
			"DHCP": false,
			"Gateway": null,
			"IpAddress": "10.0.1.46",
			"IpSubnetMask": "255.255.255.0",
			"MaximumTransmissionUnit": 8992,
			"NetworkAdapter": {
				"Gateway": null,
				"IpAddress": "10.0.1.3",
				"IpSubnetMask": "255.255.255.0",
				"MAC": "00:a0:10:01:d9:cf",
				"Name": "eth3"
			},
			"Type": "Ethernet"
		},
		"Size": [
			1456,
			1088
		],
		"Temperature": 58.0625
	},
	"SerialNumber": "4103947633",
	"Status": {
		"Available": false,
		"Calibrated": true,
		"FirmwareSupportsModel": true,
		"IsSuppliedFirmwareVersion": false,
		"LocalEepromFile": true,
		"LowBandwidth": false,
		"Open": true,
		"Overtemperature": false,
		"Paired": false,
		"ValidCameraFirmware": true,
		"ValidFirmware": true,
		"ValidIpAddress": true,
		"ValidProjectorFirmware": true
	},
	"Type": "Monocular"
}
