{
	"Calibration": {
		"Dynamic": {
			"CalibrationHistory": [
				{
					"Epipolar": 0.000258795209229919121,
					"Time": 13265465080.8392849
				},
				{
					"Epipolar": 0.000243259738082036715,
					"Time": 13265465082.7814159
				},
				{
					"Epipolar": 0.000237641894408805777,
					"Time": 13265465084.7751293
				},
				{
					"Epipolar": 0.000232003874650451886,
					"Time": 13265465145.7709026
				}
			],
			"Stereo": {
				"Angle": {
					"Epipolar": 0.000248895288677886128,
					"OpticalAxis": 0,
					"Vergence": 0
				},
				"DisparityMapOffset": 0,
				"Left": {
					"Camera": [
						[
							538.20343017578125,
							0,
							0
						],
						[
							0,
							538.20343017578125,
							0
						],
						[
							277.724822998046875,
							257.555267333984375,
							1
						]
					],
					"ForcedRawImageSize": [
						0,
						0
					],
					"ForcedRectifiedImageSize": [
						0,
						0
					],
					"RawAoiIncrements": {
						"Height": 1,
						"Left": 1,
						"Top": 1,
						"Width": 1
					},
					"RectifiedAoiIncrements": {
						"Height": 1,
						"Left": 1,
						"Top": 1,
						"Width": 1
					},
					"Rotation": [
						[
							0.9984581540776164,
							-0.00389063153104088734,
							-0.0553730759684557122
						],
						[
							0.00406082902016009165,
							0.999987369614982691,
							0.00296146554546803048
						],
						[
							0.0553608546139573512,
							-0.00318176001572071255,
							0.998461342356134707
						]
					]
				},
				"Reprojection": [
					[
						1,
						0,
						0,
						0
					],
					[
						0,
						1,
						0,
						0
					],
					[
						0,
						0,
						0,
						0.00907668039048808127
					],
					[
						-277.724822998046875,
						-257.555267333984375,
						538.20343017578125,
						0.653796047429953675
					]
				],
				"Right": {
					"Camera": [
						[
							538.20343017578125,
							0,
							0
						],
						[
							0,
							538.20343017578125,
							0
						],
						[
							349.755126953125,
							257.555267333984375,
							1
						]
					],
					"ForcedRawImageSize": [
						0,
						0
					],
					"ForcedRectifiedImageSize": [
						0,
						0
					],
					"RawAoiIncrements": {
						"Height": 1,
						"Left": 1,
						"Top": 1,
						"Width": 1
					},
					"RectifiedAoiIncrements": {
						"Height": 1,
						"Left": 1,
						"Top": 1,
						"Width": 1
					},
					"Rotation": [
						[
							0.998793666734226981,
							-0.00429331530045220285,
							0.0489160376086276924
						],
						[
							0.00444347757856171019,
							0.999985742511858677,
							-0.00296146585587705622
						],
						[
							-0.0489026256821307667,
							0.00317525065744568786,
							0.998798503695643047
						]
					]
				}
			}
		},
		"Monocular": {
			"Left": {
				"BinningShift": [
					-11,
					1
				],
				"Camera": [
					[
						1153.5855712890625,
						0,
						0
					],
					[
						0,
						1154.1890869140625,
						0
					],
					[
						641.9400634765625,
						534.6971435546875,
						1
					]
				],
				"Distortion": {
					"K1": -0.547787725925445557,
					"K2": 0.312218904495239258,
					"K3": -0.108969569206237793,
					"Rx": -0.000578024249989539385,
					"Ry": -7.1014663262758404e-05,
					"T1": -0.00085115490946918726,
					"T2": -8.97388326848158613e-06
				}
			},
			"Right": {
				"BinningShift": [
					13,
					1
				],
				"Camera": [
					[
						1152.5457763671875,
						0,
						0
					],
					[
						0,
						1153.4315185546875,
						0
					],
					[
						629.04815673828125,
						494.674346923828125,
						1
					]
				],
				"Distortion": {
					"K1": -0.546547830104827881,
					"K2": 0.306419909000396729,
					"K3": -0.101870916783809662,
					"Rx": 0.00123838125728070736,
					"Ry": -0.00240786629728972912,
					"T1": -0.000830908247735351324,
					"T2": -1.32963195937918499e-05
				}
			}
		},
		"Stereo": {
			"Angle": {
				"Epipolar": 0.0064207842914286049,
				"OpticalAxis": 0.00040346813103510782,
				"Vergence": 0.104339880632618592
			},
			"Baseline": 110.17243716634016,
			"Left": {
				"Camera": [
					[
						1076.4068603515625,
						0,
						0
					],
					[
						0,
						1076.4068603515625,
						0
					],
					[
						555.44964599609375,
						515.11053466796875,
						1
					]
				],
				"Rotation": [
					[
						0.9984581540776164,
						-0.00387684931294493117,
						-0.0553740426131541855
					],
					[
						0.00406082902016009165,
						0.999986601546127507,
						0.00321035759620311384
					],
					[
						0.0553608546139573512,
						-0.00343027223864110021,
						0.998460519504292154
					]
				]
			},
			"Rectification": true,
			"Reprojection": [
				[
					1,
					0,
					0,
					0
				],
				[
					0,
					1,
					0,
					0
				],
				[
					0,
					0,
					0,
					0.00907668039048808127
				],
				[
					-555.44964599609375,
					-515.11053466796875,
					1076.4068603515625,
					1.30759209485990735
				]
			],
			"Right": {
				"Camera": [
					[
						1076.4068603515625,
						0,
						0
					],
					[
						0,
						1076.4068603515625,
						0
					],
					[
						699.51025390625,
						515.11053466796875,
						1
					]
				],
				"Rotation": [
					[
						0.998793666734226981,
						-0.00428114019629332633,
						0.0489171046794212652
					],
					[
						0.00444347757856171019,
						0.999984974442976626,
						-0.00321035750163383218
					],
					[
						-0.0489026256821307667,
						0.00342384679843576057,
						0.998797682453505753
					]
				]
			}
		}
	},
	"EepromId": 1,
	"Images": {
		"DisparityMap": 13265465198.9020004,
		"Normals": null,
		"PointMap": null,
		"Raw": {
			"Left": 13265465198.9020004,
			"Right": 13265465198.9020004
		},
		"Rectified": {
			"Left": 13265465198.9020004,
			"Right": 13265465198.9020004
		},
		"RectifiedTexture": {
			"Left": 13265465198.9020004,
			"Right": null
		},
		"WithOverlay": {
			"Left": null,
			"Right": null
		}
	},
	"Link": {
		"Rotation": {
			"Angle": 0,
			"Axis": [
				1,
				0,
				0
			]
		},
		"Target": "",
		"Translation": [
			0,
			0,
			0
		]
	},
	"ModelName": "N45-604-16-BL",
	"Parameters": {
		"Capture": {
			"AbsoluteBlackLevelOffset": 0,
			"AutoBlackLevel": true,
			"AutoExposure": true,
			"AutoGain": false,
			"Binning": 2,
			"BlackLevelOffset": 0.5,
			"BlackLevelOffsetCalibration": {
				"Left": 0,
				"Right": 0
			},
			"Exposure": 0.918736842105263185,
			"FlashDelay": -0.0500000000000000028,
			"FlexView": false,
			"FrontLight": false,
			"Gain": 1.06000000000000005,
			"GainBoost": false,
			"HardwareGamma": false,
			"Hdr": false,
			"ImageBuffer": {
				"Count": 1,
				"OverflowPolicy": "DiscardOld",
				"Size": 1
			},
			"MaxFlashTime": 10,
			"MaxGain": 4,
			"Mode": "Raw",
			"MultiExposureFactor": 1,
			"PixelClock": 43,
			"Projector": true,
			"ProjectorMinimumDutyCycle": 0.0500000000000000028,
			"TargetBrightness": 70,
			"TriggerDelay": 0,
			"TriggerMode": "Software",
			"Triggered": true,
			"UseDisparityMapAreaOfInterest": false,
			"UseRecalibrator": true,
			"WaitForRecalibration": false
		},
		"DisparityMap": {
			"AreaOfInterest": {
				"FullWidth": false,
				"LeftTop": [
					0,
					0
				],
				"Raw": {
					"Left": {
						"ImageOffset": [
							0,
							0
						],
						"LeftTop": [
							0,
							0
						],
						"RightBottom": [
							639,
							511
						]
					},
					"Right": {
						"ImageOffset": [
							0,
							0
						],
						"LeftTop": [
							0,
							0
						],
						"RightBottom": [
							639,
							511
						]
					}
				},
				"RightBottom": [
					1279,
					1023
				]
			},
			"Downsample": [
				1,
				1
			],
			"MeasurementVolume": {
				"Far": {
					"DisparityStep": 6.64802493251220294,
					"LeftBottom": [
						-458.183308537614892,
						418.951523823397793,
						887.914251388205457
					],
					"LeftTop": [
						-458.183308537614892,
						-424.908091557969044,
						887.914251388205457
					],
					"PixelSize": 0.818115266089682325,
					"RightBottom": [
						588.186116791088807,
						418.951523823397793,
						887.914251388205457
					],
					"RightTop": [
						588.186116791088807,
						-424.908091557969044,
						887.914251388205457
					]
				},
				"Near": {
					"DisparityStep": 1.56176305661957504,
					"LeftBottom": [
						-169.500154936605895,
						203.060301801130464,
						430.360377293713896
					],
					"LeftTop": [
						-169.500154936605895,
						-205.9473719586573,
						430.360377293713896
					],
					"PixelSize": 0.358705447605279115,
					"RightBottom": [
						289.28411255054607,
						203.060301801130464,
						430.360377293713896
					],
					"RightTop": [
						289.28411255054607,
						-205.9473719586573,
						430.360377293713896
					]
				}
			},
			"PostProcessing": {
				"Filling": {
					"BorderSpread": 1,
					"RegionSize": 0
				},
				"MedianFilterRadius": 3,
				"RegionFilterDownsampling": 1,
				"SpeckleRemoval": {
					"ComponentThreshold": 3,
					"RegionSize": 0
				},
				"UniquenessOffset": 16,
				"UniquenessRatio": 10
			},
			"ScaledAreaOfInterest": {
				"Left": {
					"LeftTop": [
						0,
						0
					],
					"RightBottom": [
						639,
						511
					]
				},
				"Right": {
					"LeftTop": [
						0,
						0
					],
					"RightBottom": [
						639,
						511
					]
				}
			},
			"ScaledMeasurementVolume": {
				"Far": {
					"DisparityStep": 13.3961623721389085,
					"LeftBottom": [
						-459.905017598372297,
						419.697825274330626,
						891.250754449982082
					],
					"LeftTop": [
						-459.905017598372297,
						-426.504762797607668,
						891.250754449982082
					],
					"PixelSize": 1.64172045834695512,
					"RightBottom": [
						589.154355285332031,
						419.697825274330626,
						891.250754449982082
					],
					"RightTop": [
						589.154355285332031,
						-426.504762797607668,
						891.250754449982082
					]
				},
				"Near": {
					"DisparityStep": 2.83858292517302102,
					"LeftBottom": [
						-156.438603517730883,
						193.195635245223002,
						410.261252976951482
					],
					"LeftTop": [
						-156.438603517730883,
						-196.329010115641921,
						410.261252976951482
					],
					"PixelSize": 0.675792078488985593,
					"RightBottom": [
						275.392534636730886,
						193.195635245223002,
						410.261252976951482
					],
					"RightTop": [
						275.392534636730886,
						-196.329010115641921,
						410.261252976951482
					]
				}
			},
			"Scaling": 1,
			"StereoMatching": {
				"Method": "SgmDiagonal",
				"MinimumDisparity": -11,
				"NumberOfDisparities": 144,
				"Padding": true,
				"PatchMatch": {
					"Alpha": {
						"Automatic": true,
						"Value": 0
					},
					"Beta": {
						"Automatic": true,
						"Value": 0
					},
					"CoupledPropagation": false,
					"Invalidation": true,
					"Iterations": 1,
					"PropagationScheme": "TB",
					"Smoothness": {
						"Automatic": true,
						"Value": 0
					},
					"TiltedPatches": false,
					"ValidateAgainstRightView": false,
					"WindowRadius": {
						"Automatic": true,
						"Value": 10
					}
				},
				"ScaledMinimumDisparity": -6,
				"ScaledNumberOfDisparities": 80,
				"SemiGlobalMatching": {
					"CostScale": -3,
					"DepthChangeCost": 5,
					"DepthStepCost": 30,
					"PropagationDecay": 3
				},
				"ShadowingThreshold": 2,
				"WindowRadius": 0
			},
			"ValidRegion": {
				"LeftTop": [
					0,
					0
				],
				"RightBottom": [
					639,
					511
				]
			}
		},
		"IO": {
			"Input": true,
			"Output": {
				"Duration": 0.918000000000000038,
				"Mode": "LowActive"
			}
		},
		"Overlay": {
			"Text": {
				"Angle": 0,
				"Color": [
					255,
					0,
					0
				],
				"Mirror": {
					"Horizontal": false,
					"Vertical": false
				}
			}
		},
		"SurfaceConnectivity": 3,
		"TransportLayer": {
			"BandwidthLimit": 1000
		}
	},
	"Pose": {
		"Rotation": {
			"Angle": 0,
			"Axis": [
				1,
				0,
				0
			]
		},
		"Translation": [
			0,
			0,
			0
		]
	},
	"Sensor": {
		"FirmwareVersion": "4.93.1128",
		"GlobalShutter": true,
		"HardwareRevision": {
			"Projector": 3
		},
		"ModelName": "UI524xTE-M",
		"PixelSize": 5.29999999999999982,
		"Port": {
			"Bandwidth": 1000,
			"Gateway": null,
			"IpAddress": "10.0.0.192",
			"IpSubnetMask": "255.255.255.0",
			"NetworkAdapter": {
				"Gateway": null,
				"IpAddress": "10.0.0.2",
				"IpSubnetMask": "255.255.255.0",
				"MAC": "00:a0:10:01:d9:ce",
				"Name": "eth2"
			},
			"Type": "Ethernet"
		},
		"SerialNumber": "217226",
		"Size": [
			1280,
			1024
		],
		"Temperature": 47.5625
	},
	"SerialNumber": "217226",
	"Status": {
		"Available": false,
		"Calibrated": true,
		"DynamicCalibrationLimitReached": false,
		"FirmwareSupportsModel": true,
		"IsSuppliedFirmwareVersion": true,
		"LocalEepromFile": false,
		"LowBandwidth": false,
		"Open": true,
		"Overtemperature": false,
		"Paired": true,
		"ValidCameraFirmware": true,
		"ValidFirmware": true,
		"ValidIpAddress": true,
		"ValidProjectorFirmware": true
	},
	"Type": "Stereo"
}