{
    "_comment": "HD Vision Config File",
    "_trigger_mode": {
        "HDV_TRIGGER_OFF": 0,
        "HDV_TRIGGER_SOFTWARE": 1,
        "HDV_TRIGGER_HARDWARE": 2
    },
    "exposure_time": 8000,
    "auto_exposure": false,
    "minimum_depth_range": 500,
    "maximum_depth_range": 900,
    "timeout_ms": 1500,
    "calibration_file": "calib.hdvcal",
    "blur": true,
    "scharr": true,
    "coherenceThreshold": 0.6,
    "smoothOutlier": false,
    "medianFilter": true,
    "reference_briteness": 70,
    "trigger_mode": 2
}
