{
  "_comment": "app parameters",
  "appParameter": {
    "appId": 1004,
    "appNetworksParameter":{
      "_comment": "neural networks parameters",
      "parameter":[
        {
          "name": "YolactEdge",
          "parameterFloat": [
        		{
            			"id": 0,
                  "name": "Threshold",
                  "value": 0.01
            }
        ],
          "parameterInt": [
            {
                  "id": 1,
                  "name": "Inputlayer size",
                  "value": 550
            }
        ],
          "parameterString": [
            {
                  "id": 2,
                  "name": "networkPathYolactEdge",
                  "value": "/home/nvidia/Documents/tmp/vs_networks/YolactEdge/pickconveyor/DZ33/yolactEdge_DZ33_data12_30_HDV_DMuster/yolact_edge_879_179414_interrupt.pth"
            },
            {
                  "id": 3,
                  "name": "datasetconfig",
                  "value": "multiclass"
            }
        ]
        },
        {
          "name": "DeepLabCut",
          "parameterFloat": [
        		{
            			"id": 0,
                  "name": "Threshold",
                  "value": 0.01
            }
        ],
          "parameterInt": [
            {
                  "id": 1,
                  "name": "Inputlayer size",
                  "value": 128
            },
            {
                  "id": 2,
                  "name": "Keypoint 1",
                  "value": 3
            },
            {
                  "id": 3,
                  "name": "Keypoint 2",
                  "value": 4
            },
            {
                  "id": 4,
                  "name": "Keypoint 3",
                  "value": 8
            },
            {
                  "id": 5,
                  "name": "Keypoint 4",
                  "value": 9
            },
            {
                  "id": 6,
                  "name": "Keypoint 5",
                  "value": 13
            },
            {
                  "id": 7,
                  "name": "Keypoint 6",
                  "value": 14
            },
            {
                  "id": 8,
                  "name": "Keypoint 7",
                  "value": 18
            },
            {
                  "id": 9,
                  "name": "Keypoint 8",
                  "value": 19
            },
            {
                  "id": 10,
                  "name": "Keypoint 9",
                  "value": 23
            },
            {
                  "id": 11,
                  "name": "Keypoint 10",
                  "value": 24
            }
        ],
          "parameterString": [
            {
                  "id": 12,
                  "name": "networkPathDeepLabCut",
                  "value": "/home/nvidia/Documents/tmp/vs_networks/Deeplabcut/DZ33/DrOetker_11_DZ33_25Points_3D_gray-gchouikh-2021-05-07/DrOetker_11_DZ33_25Points_3D_gray-gchouikh-2021-05-07.engine"
            }
        ]
        }
      ]
    },
    "appCamParameter":{
  	  "_comment": "camera parameters",
      "_type": [
          "SIMULATOR",
          "ENSENSO",
          "IDS",
          "HDV",
          "ZED2"
    ],
      "parameter":{
        "name": "Camera HDV",
        "type": "HDV",
    	  "FPS": 6,
    	  "resolution":{
    	    "width": 1280,
          "height": 960
    	  },
    	  "extrinsic":{
    	  "constant": 10000,
          "x_offset": -5.30864587e-02,
          "y_offset": 5.54167884e-01,
          "z_offset": -6.29285352e-01,
          "angle_roll_offset": 0,
          "angle_roll_min": 0.0,
          "angle_roll_max": 360,
          "angle_pitch_offset": 0,
          "angle_pitch_min": 0.0,
          "angle_pitch_max": 360.0,
          "angle_yaw_offset": 0,
          "angle_yaw_min": 0.0,
          "angle_yaw_max": 360.0,
          "r_11": 2.73892281e-03,
          "r_12": -9.99896734e-01,
          "r_13": -1.41074239e-02,
          "r_21": 9.99991274e-01,
          "r_22": 2.69413662e-03,
          "r_23": 3.19268103e-03,
          "r_31": -3.15434401e-03,
          "r_32": -1.41160454e-02,
          "r_33": 9.99895388e-01
    	  },
    	  "intrinsic":{
    	  "fx": 1.13446303e+03,
          "fy": 1.13439283e+03,
          "cx": 6.57879527e+02,
          "cy": 5.13435122e+02
    	  },
    	  "specificconfig": "hdv_camera_config",
    	  "region":{
    	    "_comment": "camera region",
    	    "id": 1,
    	    "name": "Region 1",
    	    "marker": [
    	      {
    	        "id": 1,
    	        "x": 422,
    	        "y": 0
    	      },
    	      {
    	        "id": 2,
    	        "x": 927,
    	        "y": 0
    	      },
    	      {
    	        "id": 3,
    	        "x": 921,
    	        "y": 959
    	      },
    	      {
    	        "id": 4,
    	        "x": 422,
    	        "y": 959
    	      }
    	      ],
    	    "regulator": [
    	      {
    	        "id": 1,
    	        "x": 430,
    	        "y": 483
    	      },
    	      {
    	        "id": 2,
    	        "x": 970,
    	        "y": 270
    	      },
    	      {
    	        "id": 3,
    	        "x": 970,
    	        "y": 288
    	      }
    	      ]
    	  },
        "robotPoses": [
          {
            "id": 1,
            "x": 500,
            "y": 600,
            "z": 200,
            "pitch": 10,
            "roll": 10,
            "yaw": 10
          },
          {
            "id": 2,
            "x": 500,
            "y": 600,
            "z": 200,
            "pitch": 10,
            "roll": 10,
            "yaw": 10
          },
          {
            "id": 3,
            "x": 500,
            "y": 600,
            "z": 200,
            "pitch": 10,
            "roll": 10,
            "yaw": 10
          },
          {
            "id": 4,
            "x": 500,
            "y": 600,
            "z": 200,
            "pitch": 10,
            "roll": 10,
            "yaw": 10
          },
          {
            "id": 5,
            "x": 500,
            "y": 600,
            "z": 200,
            "pitch": 10,
            "roll": 10,
            "yaw": 10
          },
          {
            "id": 6,
            "x": 500,
            "y": 600,
            "z": 200,
            "pitch": 10,
            "roll": 10,
            "yaw": 10
          },
          {
            "id": 7,
            "x": 500,
            "y": 600,
            "z": 200,
            "pitch": 10,
            "roll": 10,
            "yaw": 10
          },
          {
            "id": 8,
            "x": 500,
            "y": 600,
            "z": 200,
            "pitch": 10,
            "roll": 10,
            "yaw": 10
          },
          {
            "id": 9,
            "x": 500,
            "y": 600,
            "z": 200,
            "pitch": 10,
            "roll": 10,
            "yaw": 10
          },
          {
            "id": 10,
            "x": 500,
            "y": 600,
            "z": 200,
            "pitch": 10,
            "roll": 10,
            "yaw": 10
          },
          {
            "id": 11,
            "x": 500,
            "y": 600,
            "z": 200,
            "pitch": 10,
            "roll": 10,
            "yaw": 10
          },
          {
            "id": 12,
            "x": 500,
            "y": 600,
            "z": 200,
            "pitch": 10,
            "roll": 10,
            "yaw": 10
          },
          {
            "id": 13,
            "x": 500,
            "y": 600,
            "z": 200,
            "pitch": 10,
            "roll": 10,
            "yaw": 10
          },
          {
            "id": 14,
            "x": 500,
            "y": 600,
            "z": 200,
            "pitch": 10,
            "roll": 10,
            "yaw": 10
          },
          {
            "id": 15,
            "x": 500,
            "y": 600,
            "z": 200,
            "pitch": 10,
            "roll": 10,
            "yaw": 10
          },
          {
            "id": 16,
            "x": 500,
            "y": 600,
            "z": 200,
            "pitch": 10,
            "roll": 10,
            "yaw": 10
          },
          {
            "id": 17,
            "x": 500,
            "y": 600,
            "z": 200,
            "pitch": 10,
            "roll": 10,
            "yaw": 10
          },
          {
            "id": 18,
            "x": 500,
            "y": 600,
            "z": 200,
            "pitch": 10,
            "roll": 10,
            "yaw": 10
          },
          {
            "id": 19,
            "x": 500,
            "y": 600,
            "z": 200,
            "pitch": 10,
            "roll": 10,
            "yaw": 10
          },
          {
            "id": 20,
            "x": 500,
            "y": 600,
            "z": 200,
            "pitch": 10,
            "roll": 10,
            "yaw": 10
          }
        ]
    }
  	}
	}
}